"date","minute","variable","value","formatted_date","text","top_angry","top_sadness","top_surprise","top_happiness","top_disgust"
"1_25_17",20,"surprise",0.130031964966667,2017-01-25,"can be resolved that will help them do their job better to keep the people of Chicago safer. And what he wants to do is provide the resources of the federal government and it can span a bunch of things. There&amp;#39;s no one thing it can be -- you know there can be aid, there can be if was requested up through the governor, through the proper channels, that the federal government can provide on a law enforcement basis. But there&amp;#39;s other aid that can be extended as well either through the U.S. Attorney&amp;#39;s Office or other means that will ensure that the people of Chicago have the resources to feel safe. That&amp;#39;s what he means Lynn. And part of it is that no American, whether or not you live in Chicago or Nebraska shouldn&amp;#39;t feel like you can walk down the streets of a city or the streets of a city in this country and fear for your life. And I think too often that&amp;#39;s happening in Chicago. The Press: What will happen next just so we know the time table? Mr. Spicer: I think next is we&amp;#39;ll get hopefully get a dialog started with Mayor Emanuel. Try to figure out what a path forward can be so that we get -- we come up with a plan that can keep",FALSE,FALSE,TRUE,FALSE,FALSE
"1_25_17",25,"surprise",0.166557720222222,2017-01-25,"voter ID law which went to the Supreme Court. He has long advocated other states following the Indiana example all states adopting voter ID. Mr. Spicer: Right. The Press: Is that something the President would get behind to achieve? Mr. Spicer: I think the President&amp;#39;s number one goal is to make sure that we -- I mean Georgia is another great example of a state that implemented a very successful voter ID program. And I think that&amp;#39;s what the President&amp;#39;s -- you know one of several things. But, lets -- the first step is for him to get this you know I don&amp;#39;t want to call it a task force yet because it&amp;#39;s not there yet. But this effort underway that can look at the scope of the problem and then John maybe make some recommendations. And maybe it is voter ID in states. But right now, we&amp;#39;ve got 50 states and the territories that all have various different ID&amp;#39;s and I know that there&amp;#39;s some compliance issues to make sure. But part of that is to figure out the extent of the problem. In some states, what it takes to get a driver&amp;#39;s",FALSE,FALSE,TRUE,FALSE,FALSE
"1_30_17",24,"disgust",0.0594388501632653,2017-01-30,"the next threat&amp;#39;s coming. You don&amp;#39;t know when the next attack&amp;#39;s coming. And so the best you can do is to get ahead of it. Because if you wait, you&amp;#39;re going to be reacting. And what I think I want to be clear on is the President&amp;#39;s not going to wait. He&amp;#39;s going to make sure he does everything in his power when he can to protect the homeland and his people. That&amp;#39;s it. And so getting ahead of threats is the key. Not waiting till they happen, not saying, &amp;quot;Hey, once it happens how do we react to make sure it doesn&amp;#39;t happen again?&amp;quot; I think what I want to be clear about is that since becoming President he&amp;#39;s continued to take steps through executive order and otherwise to make sure that this country is as safe as can be and that we&amp;#39;re ahead of every threat. The Press: In other words, it was not put in place on the timeline it was put in place and the procedures it was put in place because of specific intelligence that was suggesting something needed -- Mr. Spicer: No, no, no. No, no. I&amp;#39;m not saying that at all. The Press: Okay, I just wanted to make sure on that. Mr. Spicer: All I&amp;#39;m saying is that his view in general is not to wait to get ahead of the curve. Are -- his -- there wasn&amp;#39;t a specific threat that was saying, &amp;quot;You have to do this Saturday.",FALSE,FALSE,FALSE,FALSE,TRUE
"1_30_17",4,"sadness",0.226800163766441,2017-01-30,"address online. Over 1.1 million people engaged with the post via comments, likes, and other interactions. And as of this morning, the video had been viewed almost 5 million times. And just as he did throughout the campaign, this is another example of the President being able to take his message directly to the American people. On Saturday, the President signed three executive actions on issues ranging from government ethics to national security. As part of the President&amp;#39;s plan to drain the swamp in Washington and return power to the American people, he signed an executive order imposing strict post-employment rules on all federal political appointees including a five-year lobbying ban and a lifetime ban for foreign government lobbying among other restrictions. The President continues to make it very, very clear that if you want to be part of a Trump administration you&amp;#39;re going to be putting -- serving the country, not yourself. The President also signed a memorandum modernizing the structure of the National Security Council and the Homeland Security Council.",FALSE,TRUE,FALSE,FALSE,FALSE
"1_31_17",21,"disgust",0.0661496638666667,2017-01-31,"John Gizzi? The Press: Do you believe you can get nine democrats to support this nominee? Mr. Spicer: I do. Absolutely. Because I think at the end of the day one of the things that&amp;#39;s been a time honored tradition in this country is that we recognize that the confirmation process is -- if you&amp;#39;re -- the default is if you&amp;#39;re qualified for the position then you should be confirmed. Not the other way around. And I think that most democrats realize that at some point that is a -- having a court that is not fully operational is not the way to -- is not the political fight to have. John Gizzi. The Press: Sean, let me ask you the obvious follow up question then. At least one republican senator has said democrats have removed the filibuster from just about every other appointment aside from the Supreme Court. And he said several republicans say they would have no hesitation about moving for another nuclear option if democrats attempt a filibuster of any of the possible nominees. Is this something the President would support?",FALSE,FALSE,FALSE,FALSE,TRUE
"1_31_17",21,"surprise",0.131317882166667,2017-01-31,"John Gizzi? The Press: Do you believe you can get nine democrats to support this nominee? Mr. Spicer: I do. Absolutely. Because I think at the end of the day one of the things that&amp;#39;s been a time honored tradition in this country is that we recognize that the confirmation process is -- if you&amp;#39;re -- the default is if you&amp;#39;re qualified for the position then you should be confirmed. Not the other way around. And I think that most democrats realize that at some point that is a -- having a court that is not fully operational is not the way to -- is not the political fight to have. John Gizzi. The Press: Sean, let me ask you the obvious follow up question then. At least one republican senator has said democrats have removed the filibuster from just about every other appointment aside from the Supreme Court. And he said several republicans say they would have no hesitation about moving for another nuclear option if democrats attempt a filibuster of any of the possible nominees. Is this something the President would support?",FALSE,FALSE,TRUE,FALSE,FALSE
"1_31_17",21,"angry",0.266854362033333,2017-01-31,"John Gizzi? The Press: Do you believe you can get nine democrats to support this nominee? Mr. Spicer: I do. Absolutely. Because I think at the end of the day one of the things that&amp;#39;s been a time honored tradition in this country is that we recognize that the confirmation process is -- if you&amp;#39;re -- the default is if you&amp;#39;re qualified for the position then you should be confirmed. Not the other way around. And I think that most democrats realize that at some point that is a -- having a court that is not fully operational is not the way to -- is not the political fight to have. John Gizzi. The Press: Sean, let me ask you the obvious follow up question then. At least one republican senator has said democrats have removed the filibuster from just about every other appointment aside from the Supreme Court. And he said several republicans say they would have no hesitation about moving for another nuclear option if democrats attempt a filibuster of any of the possible nominees. Is this something the President would support?",TRUE,FALSE,FALSE,FALSE,FALSE
"1_31_17",37,"angry",0.292476150863636,2017-01-31,"I know you indicated at that podium there would be further action. What does this look like? And there are five detainees that have been cleared for transfer that are sitting at Guantanamo. Will this administration take action in the next coming months on those detainees? Mr. Spicer: I think all of those actions are being currently reviewed and we don&amp;#39;t have anything further at this time. Yeah? The Press: Hi, Evan (inaudible) with the Evening News. Thank you for taking the question. The Obama administration&amp;#39;s (inaudible) undergirds the Clean Power Plan. Does the President still plan to revoke the Clean Power Plan? And would he perhaps, even go further and try and revoke the endangerment finding? Mr. Spicer: Well, I think the President has made very clear with respect to energy policy that he wants to review all of the options that we have to use our natural resources to better the country in terms of wind, power, solar, clean coal -- we&amp;#39;re in the process of reviewing all of our energy policies. I&amp;#39;d go back to note that we don&amp;#39;t have an energy secretary confirmed right now because the Senate",TRUE,FALSE,FALSE,FALSE,FALSE
"1_31_17",38,"angry",0.38469649055814,2017-01-31,"hasn&amp;#39;t yet moved forward with that. I hope that once that&amp;#39;s done we will have further updates on energy. Matt? The Press: Sean, Sally yates was obviously an Obama appointee that was holding on through the transition. How many more of them are there throughout the government and at this time as the transition and confirmation process plays out? And do you expect any more problems from any of the other ones? Mr. Spicer: In some cases, we&amp;#39;ve held some individuals over because they hold a critical position within government. In some cases we&amp;#39;ve named folks as acting. It&amp;#39;s a case-by-case basis. And again, I think part of it right now is the President wanted to focus on getting his cabinet up and complete. We&amp;#39;ll continue to make nominations both at the deputy, under, assistant secretary level. But in key agencies, so ICE being one of them where it&amp;#39;s an assistant secretary. But there are 30 other agencies where we&amp;#39;ve named acting heads to ensure that as we move through the confirmation process we have somebody in that",TRUE,FALSE,FALSE,FALSE,FALSE
"1_31_17",39,"angry",0.28209388828,2017-01-31,"position to ensure continuity of government. Daniel? The Press: Sean, yesterday you said 109 individuals were affected by this extreme vetting. DHS officials said that it was over 1100. Mr. Spicer: No, no. Hold on. First of all, just to be clear what they&amp;#39;re talking about is the number of people who weren&amp;#39;t allowed to board a plane coming in. So they were stopped at their port of entry, had to get additional clearance, and then take off. There&amp;#39;s a big difference. The numbers that we&amp;#39;re talking about were the initial group of people that were in transit at the time the executive order was signed. And then there&amp;#39;s another group of people and the Department of Homeland Security has those numbers up to date on their website where they&amp;#39;re talking about people who were stopped at the port of entry to ensure that they&amp;#39;re properly vetted before they board a plane. Because there&amp;#39;s a very, very delicate distinction between people who were on the plane coming into this country when the executive order was signed, all of who&amp;#39;ve been vetted and cleared -- and the people who have been stopped at a port of entry in one of those seven countries to ensure that the proper",TRUE,FALSE,FALSE,FALSE,FALSE
"1_31_17",41,"disgust",0.05862302975,2017-01-31,"I think when you&amp;#39;re that late in a term it had never happened before. And the goal was to make sure that the voters had a say in allowing that to happen. And I think that clearly it worked. The voters looked at that as a major reason, which they voted for the President. And I think that as we move forward that&amp;#39;s why we&amp;#39;re going to get the support that we need. Yeah? The Press: Sean, Sean. If the President does get his pick on the bench, what are any specific cases that the administration hopes that the court takes up in the near future? Mr. Spicer: Well, there&amp;#39;s a lot of cases that I think are in the queue that have the potential to be 4-4. I think the idea is to get this individual confirmed as soon as possible just to get the docket moving. That&amp;#39;s probably the biggest priority right now. Thank you guys very much. Have a great day. I&amp;#39;ll see you tonight. Good luck, 8:00 p.m.",FALSE,FALSE,FALSE,FALSE,TRUE
"2_21_17",10,"surprise",0.130173530256729,2017-02-21,"contradicted by two members of the media, one of them Bill Maher of HBO, who said that in front of guests at Mar-a-Lago, the President was briefed on the classified North Korean situation. Mr. Spicer: Say that again, I&amp;#39;m sorry. The Press: The President and the Prime Minister of Japan were briefed in front of guests -- Mr. Spicer: No, I didn&amp;#39;t say that. The Press: No, no, no, this is what was being said on HBO, that the President and the Prime Minister were briefed on classified information in front of guests at Mar-a-Lago. I just want to clarify, did that happen? Did they -- Mr. Spicer: No. No. I think I walked through this timeline before, Jim. And it&amp;#39;s amazing -- a photo gets put out, the President has got a piece of paper, and the immediate conclusion is he&amp;#39;s got to be talking about classified information. The President was briefed on the situation in North Korea prior to the dinner, in a SCIF, that&amp;#39;s at Mar-a-Lago. He went and had dinner. He discussed the logistics of the press conference,",FALSE,FALSE,TRUE,FALSE,FALSE
"2_22_17",19,"disgust",0.0585502503315385,2017-02-22,"to highlight that. But I think you&amp;#39;re going to see a fair amount of visits in the next few weeks to highlight some of the places that he wants to take them. The Press: And then the other thing was, I&amp;#39;ve seen -- some members of Congress were here last week. There&amp;#39;s the legislative meeting today. It feels as if we haven&amp;#39;t seen as many executive actions -- or executive orders. I know we have the one -- vetting one coming out this week. Are we in a different phase now that he&amp;#39;s sort of done the executive orders that he wants to do -- Mr. Spicer: No. The Press: -- and we&amp;#39;re going to legislation? Mr. Spicer: We have several that are in the pipeline. And part of it is just -- these days are focused with these meetings and getting things done and trying to plan ahead. And so as we see fit and as the implementation process of a lot of these goes through the process, we&amp;#39;ll have future -- we&amp;#39;ll have plenty more. But -- The Press: It does seem that there&amp;#39;s more legislative emphasis right now. Mr. Spicer: Well, it&amp;#39;s both. And I think part of this is as we work through Congress, Anita, these are big things, right? We&amp;#39;re talking about fundamental tax reform --",FALSE,FALSE,FALSE,FALSE,TRUE
"2_23_17",15,"happiness",0.439986541010654,2017-02-23,"on and then we&amp;#39;ll get to John, Kristen and Brian. The Press: Yeah. So I have one on -- I have something on another issue really fast, then John can do that. On the HBCU executive order, we understand the executive order that&amp;#39;s coming out sometime later this month, it&amp;#39;s supposed to open -- you&amp;#39;re working out issues of opening an office specifically to take the HBCU initiative out of the Department of Education and bring it directly under the purview of the White House. Who will be heading that? Have you figured that out? Have you also figured out how you will build that office out? Because from what I understand, that is one of the big pieces of this. Mr. Spicer: Well, respectfully, that&amp;#39;s why it hasn&amp;#39;t been issued yet. We&amp;#39;re working it through the process. Obviously, that is something that we&amp;#39;re committed to getting done by the end of Black History Month. So our days are numbered, but there&amp;#39;s a commitment by the President and the staff to really focus on this issue and give it the proper respect that it deserves. So if you&amp;#39;ll bear with us a couple more days, I promise you we&amp;#39;ll have more to say on that.",FALSE,FALSE,FALSE,TRUE,FALSE
"2_27_17",46,"happiness",0.496938915708333,2017-02-27,"Mr Spicer: I don&amp;#39;t know. I&amp;#39;ll ask. (Laughter.) But I&amp;#39;m sure Secret Service will take care of the -- alleviating the medium concerns. Hold on. Alexis. The Press: Sean, I have two questions. First, one on healthcare. Because the OMB director was signaling that the complete budget would be made ready early May, and the President today described how complicated he had discovered that the healthcare repeal and replace has become, can you describe when it is that the President would present his framework for an overhaul of healthcare? Is it going to be included in the budget so we would see it before May? Mr Spicer: I don&amp;#39;t think you&amp;#39;re going to see it in the budget, no. That&amp;#39;s not the appropriate vehicle for it. I think I&amp;#39;ve mentioned it before. I think you would drive -- or at least the leading option, before I get locked into something, is to add Obamacare to the FY17 budget process and",FALSE,FALSE,FALSE,TRUE,FALSE
"2_8_17",12,"angry",0.282947831269231,2017-02-08,"when he called it “disgraceful,” the hearing that he heard last night? Mr. Spicer: He wasn’t arguing before the 9th Circuit, Jeff. Last night was a motion before the 9th Circuit on the temporary restraining order. I think the President was very clear that U.S. code and the Constitution clearly give the President all the authority that is needed to make sure that he can regulate who comes into this country and prevent any acts of -- you know, anyone who is not coming to this country in a peaceful manner. The code, 8 U.S. Code 11520, is very, very clear on this. And so, I think, the President was very, was pointing out the same issue that we had in Boston, which is, once we had a chance to argue it on the merits, we won on it. And so, I think that’s, that’s what he’s -- he clearly did not argue in front of the 9th Circuit last night. So -- The Press: Understood, but he called it “disgraceful.” By calling it “disgraceful,” is that the type of language that should be used between branches of government? Mr. Spicer: I think that the President, when you look at the U.S. code and how clear it’s written and the authority and power it gives the President to do what is necessary to keep this country safe",TRUE,FALSE,FALSE,FALSE,FALSE
"2_9_17",25,"surprise",0.148264090653935,2017-02-09,"independent judiciary? Mr. Spicer: Why isn&amp;#39;t he -- I mean, he is free to speak his mind. Where has this outrage been for the last hundred years? There has been -- The Press: I&amp;#39;m not asking about the Obama administration or any previous administration, I&amp;#39;m talking about this President and this White House. Mr. Spicer: I understand that. And the President has -- part of the reason the President got elected is because he speaks his mind. He doesn&amp;#39;t hold it back. He&amp;#39;s authentic. And he&amp;#39;s not going to sit back, I think, when he feels very passionately about something as much as the executive order. He was doing it to make sure Americans were safe. The order -- the U.S. code is crystal-clear on this. I think I&amp;#39;ve read it for like three days in a row. And it can&amp;#39;t be any clearer how much authority it gives the President to do what he can to keep us safe. He&amp;#39;s concerned that he&amp;#39;s doing what he can to keep this country safe, and there has been a lot of activity to stand in the way. So I&amp;#39;m not sure how many more times I can read the code to you. But 8 U.S. Code, 1182 -- The Press: Yes, but you and me talking about it is not how the judicial process works. Mr. Spicer: Thank you. You&amp;#39;ve asked the question now eight times. The Press: One more I&amp;#39;d like to ask you. One more about a different set of comments. Mr. Spicer: You&amp;#39;ve got -- hold on. I understand. Thank you, go ahead. The Press: About a different set of comments",FALSE,FALSE,TRUE,FALSE,FALSE
"2_9_17",26,"surprise",0.224213226021111,2017-02-09,"that have been made, Sean, also from Kellyanne Conway earlier this week. The Press: Let him go. Let him go. The Press: Earlier from this week. You say the -- this is in context of Nordstrom and not about what she was counseled about, but about something she said to CNN earlier this week, is that the President doesn&amp;#39;t comment on everything. And so I want to contrast the President&amp;#39;s repeated statements about Nordstrom with the lack of comments about some other things, including, for example, the attack on a Quebec mosque and other similar environments. Why is the President, when he chooses to -- Mr. Spicer: Do you -- hold on -- because you just brought that up. I literally stand at this podium and opened a briefing a couple days ago about the President expressing his condolences. I literally opened the briefing about it. So for you to sit there and say -- The Press: I was here. Mr. Spicer: I know. So why are you asking why he didn&amp;#39;t do it when I literally stood here and did it? The Press: The President&amp;#39;s statement -- Mr. Spicer: I don&amp;#39;t understand what you&amp;#39;re asking. The Press: Kellyanne&amp;#39;s comments were about that the President doesn&amp;#39;t have time to tweet about everything. Mr. Spicer: Right. The Press: He&amp;#39;s tweeting about this.",FALSE,FALSE,TRUE,FALSE,FALSE
"2_9_17",3,"sadness",0.240993258382667,2017-02-09,"Department of Justice and other agencies use their law enforcement grants. The second order establishes a task force, led by the new Attorney General, to reduce crime and restore public safety in communities across America. Together, the members of this task force are going to come up with specific recommendations: how we can change existing federal law to better prevent crime and improve public safety, and develop stronger working relationships with our state and local partners. The President is confident that this task force will develop a systematic strategy to help further protect the American people. Communities across our nation have been devastated by a surge in violent-crime rates, particularly in our major cities. Over the last eight years, we&amp;#39;ve experienced declining focus on law and order. Crime reduction will clearly be a priority for this White House. The last executive order re-focuses the energy and resources of the federal government to dismantle transnational criminal organizations, such as drug cartels. It&amp;#39;s important to emphasize that we cannot reduce crime in the United States without additionally addressing illegal immigration",FALSE,TRUE,FALSE,FALSE,FALSE
"2_9_17",31,"surprise",0.135972467769531,2017-02-09,"Democratic senators. But this is something that the legislative affairs team, as well as the President himself has engaged with members of Congress to talk about this both privately and in bigger groups. But there is a very large conversation going on to achieve bipartisan support for a package of this nature. Jonathan. The Press: Does the President believe that it&amp;#39;s possible to balance the budget without major entitlement reform? Any sort of House -- Mr. Spicer: I think one of the things that the President has looked at is not just the cutting side, but the revenue stream. One area in particular -- natural resources regulation and tax reform, how we can grow the economy and bring in additional revenues to the government on the revenue side. So it&amp;#39;s -- there is a balance to how the President is looking at bringing down the deficit. And I think before I get -- he&amp;#39;s going to -- we&amp;#39;ll have a budget out, you know, in a few weeks. I think that will answer a lot. But again, I just -- when it comes to deficit reduction, which is something that he is very interested in, that is not",FALSE,FALSE,TRUE,FALSE,FALSE
"2_9_17",32,"surprise",0.2008437737915,2017-02-09,"a one-side-of-the-ledger option. That one -- a lot of what he is trying to talk about in these meetings and with business executives is how we can expand the economy. And that expanded economy, that job creation, those explorations of natural resources and additional new jobs also bring additional tax revenue in. So there&amp;#39;s a way to do this. If we start bringing businesses back, creating more things, creating more jobs, that creates a revenue stream that has a significant impact on the deficit -- on being able to drive down the deficit and balancing the budget. So I think it&amp;#39;s not something I want to get in too much detail now, but I will tell you that I think the President has been very, very keen on trying to make sure that we look at the revenue side as much as we&amp;#39;re looking at the spending side. When it comes to the spending side, again, you&amp;#39;re looking at a whole-of-government approach at how we look at every department, every agency, every job, the spending -- or the hiring freeze being one of them. How do we make sure that we&amp;#39;re looking at are these",FALSE,FALSE,TRUE,FALSE,FALSE
"3_10_17",35,"happiness",0.596226677694,2017-03-10,"all have reported, is a bit -- I mean, don&amp;#39;t make me make the podium move. (Laughter.) I mean, honest to god, like, every reporter here reported out that we had 235,000 jobs, 4.7 -- there isn&amp;#39;t a TV station that didn&amp;#39;t go live to it. So to tweet out &amp;quot;Great way to start a Friday,&amp;quot; I think, yes, the President was excited to see more Americans back to work. I don&amp;#39;t think that&amp;#39;s exactly a market disruption. I think that there&amp;#39;s a lot of excitement in this country when we look at the policies that the President has instituted to help put more Americans back to work. So I mean, I understand the rule, but let&amp;#39;s -- The Press: The Obama White House, for instance, went out of their way not to comment in that hour-long period. They would rearrange the President&amp;#39;s schedule around it. It was something that they and previous -- Mr. Spicer: I get it. And I think there&amp;#39;s a difference -- The Press: -- going forward, yeah. Mr. Spicer: It&amp;#39;s not about commenting. I think it&amp;#39;s one thing to give analysis and",FALSE,FALSE,FALSE,TRUE,FALSE
"3_13_17",20,"angry",0.270066723937143,2017-03-13,"The Press: Does the President feel that the Obama administration had been manipulating -- Mr. Spicer: I think you know what the President&amp;#39;s view is. He&amp;#39;s made very clear in the past what his comments were on how those numbers were articulated in the past. And I think there&amp;#39;s a question between the total number of people that are employed, and the President&amp;#39;s comments in the past have reflected that his big concern was getting to the bottom of how many people are working in this country, and that the denominator -- meaning the percentage rate of the total number of people -- is not the most accurate reflection of how many people are employed in this country. How many jobs are created, how many people are getting back to work, how many companies are committing to hiring more people is a much more accurate assessment of where we&amp;#39;re headed as our country -- where our employment is, where our economy is headed. But to look at a number and say we have 4.7 or 4.8 or 5.9 percent unemployment is not necessarily an accurate reflection of how many people are actually working, seeking work, or want to work. And if you know how they conduct those surveys, there&amp;#39;s a lot of times when people, whether",TRUE,FALSE,FALSE,FALSE,FALSE
"3_14_17",17,"happiness",0.439413726897614,2017-03-14,"But I will make sure that we get those details out and we have -- The Press: Can you get it to the pool? Mr. Spicer: I&amp;#39;d be glad to get it to the entire pool. The Press: Thank you. Mr. Spicer: Margaret. The Press: Thank you. So still on the same subject. Does the White House support the House bill as it is, or amending it? And there&amp;#39;s been reporting that the White House is involved, or some White House officials are involved in shaping what&amp;#39;s being described as like a major or significant manager&amp;#39;s amendment in conjunction with conservatives. Can you tell -- Mr. Spicer: I would -- I&amp;#39;m sorry, please finish. The Press: No, we can go back and forth. But I&amp;#39;m just wondering, can you -- is the White House writing this amendment or just considering backing the amendment? And does Paul Ryan know about it? We can tell him about it right now, I guess. Mr. Spicer: I think Speaker Ryan is well aware of the manager&amp;#39;s amendment. I think as we&amp;#39;ve noted multiple times from the podium, when people have ideas that are constructive or supportive, or ones that we have heard about from different members that we have engaged with, and, frankly, ones that the House and Senate has engaged with who shared",FALSE,FALSE,FALSE,TRUE,FALSE
"3_16_17",59,"disgust",0.0605041502967027,2017-03-16,"The Press: I have one more for you. To go back to your long list of sort of news reports you mentioned -- one that you reached that perhaps the GCHQ was involved. Did the President ever raise this in his conversation with Theresa May? And if that were to pan out, would that imperil the special relationship between the two? Mr. Spicer: Again, these are just -- that happened I think two days ago. It was something that was reported on air. I think the point is, is that there&amp;#39;s been -- The Press: Was it raised -- Mr. Spicer: No, no, it has not been raised. But I do think that, again, we&amp;#39;re not -- all we&amp;#39;re doing is literally reading off what other stations and people have reported, and I think that casts into concern some of the activities that may have occurred during the &amp;#39;16 election. We&amp;#39;re not casting judgment on that. I think the idea is to say that if these organizations, these individuals came to these conclusions, they merit looking into. Olivier. The Press: Thanks, Sean. I got a couple for you. There&amp;#39;s a news report about the President&amp;#39;s meeting with the Saudi Defense Minister/Deputy Crown Prince that says that the defense minister",FALSE,FALSE,FALSE,FALSE,TRUE
"3_16_17",62,"disgust",0.0634471267540392,2017-03-16,"the more specifics of the revenue piece, the entitlement piece, and the full details of all this. But eliminating a $20 trillion debt and tackling the current deficit is something that&amp;#39;s going to take a little bit of time and something that the President is committed to reducing. I think we&amp;#39;ve talked very extensively about the President&amp;#39;s commitment to protecting taxpayer dollars and using them more efficiently. This budget and a lot of the action the President took on other projects, including the F18 and the next generation of AF1, show that the President is committed on a very, very personal basis to getting involved in programs and policies to reduce the deficit and respect taxpayer money. So this is step one, and it&amp;#39;s a down payment on that goal. The Press: Are there future steps -- there are lots of cuts in here, but no matter which way you splice the numbers, anyone will tell you, if you want to drop it somehow you&amp;#39;ve got to get to entitlements. Mr. Spicer: I understand. The Press: Is that on the table potentially, yes or no? Mr. Spicer: As Director Mulvaney put it, he was",FALSE,FALSE,FALSE,FALSE,TRUE
"3_21_17",36,"happiness",0.53190294183075,2017-03-21,"The Press: I remember -- I remember when -- The Press: How do you spell it? Mr. Spicer: You ever seen my spelling? Come on. (Laughter.) Ramspecking. It was named after -- we&amp;#39;re going to go through a history lesson here, guys. The Press: My other question was, over the weekend, Governor Graco Ramirez, the head of the Mexican Governors Association, was again in Washington, and in a much publicized statement said that Mexico had scored its first victory over the proposed wall. He said that in the President&amp;#39;s budget there&amp;#39;s a line item for $2.6 billion -- Mr. Spicer: In FY&amp;#39;18. The Press: -- in tax dollars, and no mention of Mexico paying for the wall in any way. He&amp;#39;s claimed a victory in that. Your response to Governor Graco Ramirez? Mr. Spicer: It&amp;#39;s a little early to be claiming victory. I think the President has made it clear that he was going to use the current process to start the construction of the wall and that there would be",FALSE,FALSE,FALSE,TRUE,FALSE
"3_22_17",58,"angry",0.273420275844314,2017-03-22,"this, in any way, as vindication of the President&amp;#39;s wiretapping tweets? Mr. Spicer: I would refer you to his comment specifically. Until we know what he is going to brief the President on, I don&amp;#39;t want to have to get ahead of this. I think, obviously, the suggestion that he made that people were what they call &amp;quot;unmasked,&amp;quot; meaning that an American citizen who is caught up in a surveillance has, by rule of law, has their name protected; the idea that individuals&amp;#39; names were unmasked and let known suggests -- raises serious questions: Why was that name unmasked? What was the intention of doing that? There&amp;#39;s a lot of questions that I think his statement raises, and I hope that we can continue to get to the bottom of. But right now, we just don&amp;#39;t -- we&amp;#39;re not there yet. I think that there are a series of questions that need to get answered as to what happened, why it happened, and hopefully we will be able to share more",TRUE,FALSE,FALSE,FALSE,FALSE
"3_24_17",18,"happiness",0.537653089847331,2017-03-24,"Mr. Spicer: There&amp;#39;s somebody that&amp;#39;s going to ask when it passes, and you can -- The Press: Okay, well, do you want to have a briefing right after the vote? Mr. Spicer: No. The Press: Okay. (Laughter.) Mr. Spicer: All right, score one for you. (Laughter.) The Press: If the bill doesn&amp;#39;t pass, does the President still have confidence in the Speaker? Mr. Spicer: I think he answered that question earlier today. The Press: Well, does he think that he should step down if it doesn&amp;#39;t get a vote? Mr. Spicer: He answered that question earlier, and he said he did. So, asked and answered. The Press: And then, logistically today, after the vote, whatever happens, how will we get a response from you all? Mr. Spicer: Electronically or verbally, but one of the two. Peter. The Press: Thank you, Sean. This is the President&amp;#39;s first foray into, let&amp;#39;s say, the sausage-making process, so to speak. Has he reflected at all on the experience? I mean, how does he feel it differs from, for example, negotiating a real estate deal, a business deal? Is it more complicated? Is it trickier? What&amp;#39;s his feeling about this? Mr. Spicer: I think we&amp;#39;ll have plenty of time to reflect on it after we do this, so I know that --",FALSE,FALSE,FALSE,TRUE,FALSE
"3_24_17",2,"sadness",0.250775066950833,2017-03-24,"holding up progress and production have ended. By simply getting excessive, duplicative regulations out of the way, we can make infrastructure projects more attractive -- a more attractive prospect for private investors, and encourage even more projects like this one. Immediately following the announcement by TransCanada, the President announced that Charter Communications has committed to investing $25 billion here in the United States and hiring an additional 20,000 American workers over the next four years. Charter Communications is truly an example of how American leadership can turn a downturn entity into an amazing success. Five years ago, Charter Communications was a struggling company that had slowly emerged from bankruptcy. Today, thanks to hard work and great leadership of Chairman and CEO Tom Rutledge, it is the fastest-growing television, Internet, and voice company in the nation. And, most importantly, as Charter grew, American jobs grew, as they brought back many jobs that had",FALSE,TRUE,FALSE,FALSE,FALSE
"3_24_17",27,"surprise",0.125976568729726,2017-03-24,"Was there anything discussed on Medicaid? Was it on the table in the negotiations? Mr. Spicer: Well, I know that that there was a discussion about the expansion of Medicaid and some of the work requirements with respect to able-bodied Americans who are receiving that. But I would say this, John -- one of the things that -- not member-specific to either of the members from New Jersey -- is that members have to understand that the current system is unsustainable. So if you vote no today, then what is your alternative, and what do you want? Because right now there&amp;#39;s a lot of folks that have said they&amp;#39;re going to vote no, which is their prerogative, but at the end of the day, the current Obamacare system will collapse on its own. And so the question that they have to ask themselves or that they are going to be asked by their constituents is, then what is your alternative? Because right now this is the choice that will save the system. The other choice is to do nothing, and that will",FALSE,FALSE,TRUE,FALSE,FALSE
"3_27_17",11,"sadness",0.240603094199167,2017-03-27,"You guys ready to continue? The Press: Yes. Mr. Spicer: Good. Before I get into today&amp;#39;s schedule, I wanted to read -- I know there&amp;#39;s been some interest in the State Department&amp;#39;s statement regarding the arrest of hundreds of protestors -- peaceful protestors -- that occurred in Russia. The statement that the State Department put out says: &amp;quot;The United States strongly condemns the detention of hundreds of peaceful protestors throughout Russia on Sunday. The detention of peaceful protestors, human rights observers, and journalists is an affront to essential",FALSE,TRUE,FALSE,FALSE,FALSE
"3_27_17",12,"sadness",0.2573281932135,2017-03-27,"democratic values. We are troubled to hear of the arrest of the opposition leader upon arrival at the demonstration, as well as the police raids on the anti-corruption organization he heads. The United States will monitor the situation, and we call on the government of Russia to immediately release all peaceful protestors. The Russian people, like people everywhere, deserve a government that supports an open marketplace of ideas, transparent and accountable governance, equal treatment under the law, and the ability to exercise their rights without fear of retribution.&amp;quot; Now, with respect to events for the day, this morning, after receiving his daily intelligence briefing, the President participated in a roundtable with women small business owners. The President is hosting a group of women business owners as part of the White House&amp;#39;s full calendar of Women&amp;#39;s History Month events. At the roundtable this morning, Vice President Pence, SBA Administrator McMahon joined with other senior administration officials to hear from these amazing female entrepreneurs and small",FALSE,TRUE,FALSE,FALSE,FALSE
"3_27_17",13,"sadness",0.223971477364167,2017-03-27,"business leaders about their firsthand experiences, successes, and challenges. As the President said, &amp;quot;Empowering and promoting women in business is an absolute priority in the Trump administration because I know how crucial women are as job-creators, role models, and leaders all throughout our communities. The women in attendance this morning have incredible stories, including many who have started businesses from scratch with very limited resources, and, through hard work and determination, turned their dreams into reality. Between them, they provide hundreds of jobs to Americans across the country. The President is dedicated to continuing to remove the unique barriers that women face in our economy, including access to capital, markets, and networks. This administration will continue to advocate for policies that support working family, including a national initiative to promote women business leaders and entrepreneurs that his daughter, Ivanka, is helping to lead. In honor of Women&amp;#39;s History Month, the White House has been hosting events all throughout March.",FALSE,TRUE,FALSE,FALSE,FALSE
"3_27_17",16,"sadness",0.2243072264595,2017-03-27,"by putting more decision-making in the hands of states. House Joint Resolution 44 removes a Bureau of Land Management rule, known as &amp;quot;Planning 2.0,&amp;quot; that would have centralized federal and land management in Washington, diluting the concerns of local citizens who have a right that is protected by law to be involved in this decision-making process. H.J. Res. 57 and 58 eliminate the Department of Education regulations which limits states&amp;#39; flexibility in how they assess the performance of schools and teacher preparation and programs. Removing these additional layers of bureaucracy will make it easier for parents, teachers and communities, and state leaders to address the needs of their students. The President will continue to work with Congress and the rest of the federal government until every unnecessary regulation that stands in the way of success for American business and American people is taken off the books. Additionally, the President spoke with German Chancellor Merkel and Indian Prime Minister Modi earlier today to congratulate them on their parties&amp;#39; success in recent elections.",FALSE,TRUE,FALSE,FALSE,FALSE
"3_27_17",17,"sadness",0.2304931230322,2017-03-27,"We&amp;#39;ll have readouts on those calls a little later for you both. The President also will announce the establishment of the Office of American Innovation. The Office of American Innovation will apply the President&amp;#39;s &amp;quot;ahead of schedule and under budget&amp;quot; mentality to a wide number of government operations and service, enhancing the quality of life for all Americans. The office will have a particular focus on technology and data, hearing back from leaders in the industry. As some of its first priorities, the office will focus on modernizing the technology of every federal department, identifying transformational infrastructure projects, and reimagining the VA system so that it can better serve our nation&amp;#39;s heroes. The effort will be led by Assistant to the President and Senior Adviser Jared Kushner. Tomorrow, the President will sign an executive order to strengthen the nation&amp;#39;s energy security by reducing unnecessary regulatory obstacles that restrict the responsible use of domestic energy resources. This order will help keep energy and electricity",FALSE,TRUE,FALSE,FALSE,FALSE
"3_29_17",2,"sadness",0.232183177735,2017-03-29,"As the President discussed with the group this morning, we won&amp;#39;t be able to address this academic -- excuse me -- epidemic with a single solution. First, we must get struggling Americans the help that they need. Too many families have seen firsthand the destruction that drug abuse can bring, and we must also focus prevention on law and enforcement. Cheap heroin is flooding into our communities as drug cartels expand into the country, setting off a chain reaction of addiction that spreads from person to person and from family to family. President Trump has already taken executive action to strengthen law enforcement and dismantle criminal cartels. He and his team will continue to discuss how best to root out this threat to American communities with drug enforcement experts as we continue this fight. Stopping this epidemic is not -- is an issue that every American, regardless of your political background, can and must get behind. We must work together from the leaders of the most -- from most local and community recovery and support programs all the way to the White House",FALSE,TRUE,FALSE,FALSE,FALSE
"3_31_17",54,"angry",0.260906495590909,2017-03-31,"we&amp;#39;ve asked the House and Senate Intelligence Committees to look into this is to make sure that we get to the bottom of it in an appropriate, proper manner. The Press: Commenting on an ongoing investigation, is that proper by the President? Mr. Spicer: What ongoing? The Press: Well, there&amp;#39;s an investigation that&amp;#39;s ongoing by the FBI right now. There&amp;#39;s an ongoing investigation that&amp;#39;s ongoing by the Senate Intelligence Committee. Mr. Spicer: Okay. And -- The Press: Should he be commenting on that? Mr. Spicer: And which comment are you referring to? The Press: The &amp;quot;witch hunt.&amp;quot; Mr. Spicer: Right, but I think when you -- as I just said to Alexis, I think there&amp;#39;s a difference between the investigations that have been discussed about Russia that we&amp;#39;ve been very clear about and a discussion about whether something -- as Devin Nunes has said very publicly, the information that he had with respect to surveillance during the 2016 election cycle had nothing to do with Russia. So there&amp;#39;s this seeming assumption that -- what the President has talked about is very clear -- there is an ongoing pattern and more and more revelations that what we have seen is that something potentially was very, very bad that&amp;#39;s",TRUE,FALSE,FALSE,FALSE,FALSE
"3_7_17",45,"disgust",0.0594815910023529,2017-03-07,"it does not provide the amount of coverage that the Affordable Care Act did, will the President still support it? Mr. Spicer: Well, I&amp;#39;m not going to get ahead of -- I mean, like, I -- Secretary Price ventured this -- let&amp;#39;s not get ahead of the CBO going through this. But I think, as I mentioned to Zeke, one of the things that&amp;#39;s important to understand: There&amp;#39;s -- this is -- this bill has to be done in the phases that it has to address the repeal part of it and the replace part of it. There are only certain things that we can do through reconciliation. I know there&amp;#39;s the regulatory piece that we can do through action that the Secretary is empowered to do, frankly, under Obamacare. And then third is an additional piece of legislation that addresses things. But there are cost-saving measures that -- in competition aspects of this, that have to be included in phase two or three because they are not allowed in the reconciliation bill because of the nature of how reconciliation works on Capitol Hill. So, I think that one of the things that we have to",FALSE,FALSE,FALSE,FALSE,TRUE
"3_7_17",46,"disgust",0.0804773561516667,2017-03-07,"understand is that how that score comes out from the Correctional Budget Office will depend on what they -- whether they look at it specifically with just a phase one or whether they look at it in its totality. But I&amp;#39;m confident that if you look at what&amp;#39;s going on right now, Cheryl, it&amp;#39;s unsustainable. I mean, premiums in state after state, as Dr. Price mentioned, they&amp;#39;re up 25% on average. Arizona&amp;#39;s a 116%; I think, you know, Oklahoma&amp;#39;s in the 50s; Minnesota&amp;#39;s in the 40s; I mean, this is unsustainable for a family to continue to pay the premiums that they have, and for individuals, small business owners, et cetera. So, the question is, can we allow people to go on this trajectory where more and more of their paycheck is getting eaten up in a plan that&amp;#39;s, frankly, not giving them choice, doctors, or plans that they want? This plan, I think, clearly achieves those goals a lot better. It gets the price -- cost containment down, it gets price control under, and it allows doctors and plans to re-engage in the marketplace as they were prior to this. And I think that is a major aspect.",FALSE,FALSE,FALSE,FALSE,TRUE
"3_7_17",54,"disgust",0.0628579324466667,2017-03-07,"All of those things have been part of conservative plans for a long time, and I think instilling that competition in it, allowing more access. I mean, I think there&amp;#39;s a big difference. There is no -- you know, we have for the longest time; if you&amp;#39;re a conservative, I mean, you think about this right now that you have -- anyone who has an employer-based -- their job comes from an employer that gives them healthcare, they&amp;#39;re getting a subsidy. They&amp;#39;re getting a credit. They don&amp;#39;t pay taxes on their health care, and their employer doesn&amp;#39;t either. That&amp;#39;s a huge disadvantage to anyone who&amp;#39;s a sole proprietor or owns a small business, and so, frankly, to allow the playing field to be leveled and allow small businesses, which are, frankly, the job creators in this country; to allow entrepreneurs and self-starters to get the same tax treatment that a Fortune 500 company gets you is a very conservative principle. And, again, I think -- look, one of the things that&amp;#39;s important, Sara, is for all of the people who have concerns about this, especially on the right: look at the size. This is the Democrats.",FALSE,FALSE,FALSE,FALSE,TRUE
"3_7_17",62,"angry",0.260921353401087,2017-03-07,"way that it was passed is almost the same way that we&amp;#39;re going through this now, which is they passed certain things. Then the secretary of Health and Human Services, at the time, was granted significant regulatory authority that allowed her to do certain things at the time to implement pieces of Obamacare that we now have to act backwards and go almost in the same steps to do what they did to lay it out. We&amp;#39;ve got to repeal it, and then we&amp;#39;ve got to replace it with the plan that&amp;#39;s going to do the same. Certain things can be done in the same way, and certain things can&amp;#39;t. It&amp;#39;s just -- it literally depends on how that was done. John Frederick. The Press. Sean, in the replacement plan, it says that the states that accepted the Medicaid expansion money would continue to be funded. So what is the message you have to Republican state legislators that thought they were fiscally responsible in rejecting Medicaid expansion in",TRUE,FALSE,FALSE,FALSE,FALSE
"3_7_17",63,"surprise",0.132186613248,2017-03-07,"their states, and now they didn&amp;#39;t get -- they didn&amp;#39;t get the federal dollars on either and? What is your -- Mr. Spicer: I think, yeah, I think what we need to do is to make sure, as The President said in his statements as Secretary Price did; we&amp;#39;ve got to make sure that we continue to protect people through this transition process, let the bill work its way, but this is the first time as we address the Medicaid portion of this: this is probably the first time that we&amp;#39;ve really addressed an entitlement aspect of something in almost 30 years. So, I think we&amp;#39;ve got to let this piece of it work its way through the House, but there is -- remember, one of the things that happened through the Medicaid expansion was the goal has always been of Medicaid to help people who are disabled or poor or met a specific number of criteria. For the first time in Obamacare, we expanded Obamacare or the Obama administration did, rather, to able-bodied individuals that, in a way that had never been done before, and it was not a specific class. That&amp;#39;s led largely to the ballooning cost.",FALSE,FALSE,TRUE,FALSE,FALSE
"3_7_17",78,"angry",0.269507975547368,2017-03-07,"with the Senate. But this is going to be a comprehensive effort, working with the House and the Senate to get this thing done and other partners; doctors and outside groups that share this concern. As I mentioned earlier, one of the other folks said there is -- you know, there is a need by companies and corporations who are feeling the weight of additional cost to join us in this effort, and I just want to -- you know, this is obviously something that needs to get dealt with. The escalating costs are having a significant impact, not just on our economy, but on the ability of people to get hired or, frankly, people who are hired lose their job because the cost of health care is not allowing, especially people in the small and medium-size businesses, to keep up with those costs. With that, thank you guys very much. I look forward to seeing you. [simultaneous talking] The Press: The congressman&amp;#39;s meeting tomorrow; Congressman Cummings is meeting with The President. Mr. Spicer: We&amp;#39;ll have a readout tomorrow. The Press: Sean, I have that unrelated question, which was -- Mr. Spicer: I&amp;#39;m sorry. That&amp;#39;s not fair. Mike gets his unrelated question. The Press: (inaudible) comes to mind after (inaudible). (laughter)",TRUE,FALSE,FALSE,FALSE,FALSE
"3_8_17",26,"happiness",0.45547904587412,2017-03-08,"member of the 49 of the CBC. Right after that press conference, the White House reached out to the Congressional Black Caucus, to Cedric Richmond, the head of the caucus. Where is that meeting? Where does that meeting land? Is it happening? Mr. Spicer: I know that we&amp;#39;ve reached out, and we&amp;#39;re looking for a date on that, as well. So we&amp;#39;re pleased that this one was able to come together, and then we&amp;#39;ll get to the next one. The Press: My last question. Mr. Spicer: Yes. The Press: Yesterday there was a compare-and-contrast with visuals, show and tell if you will -- Mr. Spicer: Yes, I saw that -- The Press: Yes, you were -- yes. And you compared and contrasted about how you&amp;#39;re going about it and how the Obama administration went about Obamacare. One difference that they&amp;#39;ve made note of -- and I want to get your response to this -- is the fact that you may have this and said that you&amp;#39;re doing this versus what they&amp;#39;re doing -- the one thing they say that you did not do that they did: had their bill scored by CBO. And you did not score it by CBO.",FALSE,FALSE,FALSE,TRUE,FALSE
"3_9_17",23,"happiness",0.622942218206875,2017-03-09,"Does this mean that there is a new meeting before their scheduled meeting at the G20 in July? Mr. Spicer: I&amp;#39;m not going to comment on the President&amp;#39;s schedule or foreign leaders at this time, John. I think I&amp;#39;ve pretty much gotten that one down. So until I have something further for you, I&amp;#39;m just going to let you get on to your next question. The Press: All right, thank you. Going back to the meeting and to your opening statement about the banks, in the last campaign, candidate Trump campaigned hard on restoring the Glass-Steagall Act, which would put a barrier between commercial and major investment banks. It, of course, was repealed in 1999 -- the repeal signed by President Clinton. Senator Sanders campaigned on this as well, noted that it was in the Republican platform in Cleveland, and said in December he&amp;#39;d be happy to work with the Trump administration on",FALSE,FALSE,FALSE,TRUE,FALSE
"3_9_17",55,"happiness",0.43396635975,2017-03-09,"between the two men? 2018 will be here before you know it. Do you anticipate the President will be there to support him in that effort? Mr. Spicer: We got a few battles to get through legislatively, but I know that he enjoyed welcoming Senator and Mrs. Cruz and their two daughters last night to the White House. They had a very enjoyable time and a very fruitful discussion. But it&amp;#39;s something that he&amp;#39;s going to continue to do with members of both parties, both chambers, and not just here in Washington. I think you&amp;#39;re going to see him continue to engage with governors and attorneys general and lieutenant governors. The President truly enjoys this level of engagement. He likes to sit down and talk about ideas, talk about the future of this country and get their input and ideas. And I think they talked a little business and a lot of personal last night, and it was a very enjoyable thing. With that, thank you, guys. Have a great day. I look forward to seeing you tomorrow. I think tomorrow is going to be one-question Friday. Thank you all.",FALSE,FALSE,FALSE,TRUE,FALSE
"4_10_17",31,"disgust",0.0609638616259259,2017-04-10,"have had a longtime interest in doing this. And it is a big deal, right? You&amp;#39;ve got the ability for our businesses and industries to be more competitive in the global market, and then you want to make sure that you&amp;#39;re providing middle-income tax relief that creates economic growth throughout the country. The Press: Americans are filling out their tax forms right now for 2016. This time, next year, they&amp;#39;re going to fill it out for 2017. Will they have a 2017 tax cut this time next year? Mr. Spicer: I think middle-income Americans I hope have a tax cut by then. Jeff. The Press: Sean, during the campaign -- Mr. Spicer: Sorry, it&amp;#39;s -- The Press: Sorry. You can go next. (Laughter.) Mr. Spicer: Be careful with that. (Laughter.) The Press: The President, then-candidate Trump, was pretty critical -- or, excuse me -- was pretty complimentary of President Putin. Now, after seeing how Russia has reacted in Syria, what&amp;#39;s his view of President Putin now? Mr. Spicer: I think it&amp;#39;s always been the same, respectfully, which is that if we can get a deal -- we have a shared interest in, particularly in the area of ISIS, and if we can defeat them and",FALSE,FALSE,FALSE,FALSE,TRUE
"4_24_17",13,"sadness",0.233318740861333,2017-04-24,"and discuss the exciting future of space exploration and space science -- including how the Inspire Women Act, which the President recently signed, ensures that NASA continues recruiting women for important STEM-related jobs in aerospace. After that, as I mentioned at the top, the President had a working lunch with U.N. Ambassador Nikki Haley and the other ambassadors of the countries that are part of the U.N. Security Council. Under the President&amp;#39;s leadership, America has once again taken a leadership role on the world stage, and our global partners have welcomed this renewal of American diplomacy. Later on, this afternoon, the President will sign a proclamation on Holocaust Remembrance Day, part of the weeklong Days of Remembrance first held in 1979, and later established by Congress as our nation&amp;#39;s commemoration of the Holocaust. Tomorrow, as every President since the United States Holocaust Memorial Museum opened in 1993, President Trump will participate in a Days of Remembrance commemoration.",FALSE,TRUE,FALSE,FALSE,FALSE
"4_24_17",43,"happiness",0.484159488391617,2017-04-24,"to repeal or replace Obamacare? Mr. Spicer: I think that the President said that he&amp;#39;s going to -- The Press: Is it possible, mathematically? Mr. Spicer: There&amp;#39;s a lot of things that are possible, but let&amp;#39;s let the President -- he made a commitment to get it out on Wednesday, so let&amp;#39;s be patient and wait until Wednesday. The Press: And just one more. Mr. Spicer: Of course. (Laughter.) The Press: Is there a plan for infrastructure reform in the works? Will we get that before -- Mr. Spicer: That&amp;#39;s another thing that&amp;#39;s on the list, but I think we seem to have our hands full right now with healthcare and tax reform. He&amp;#39;s obviously still committed to seeing infrastructure, something he&amp;#39;s talked about a lot in terms of roads and bridges and rebuilding things. But let&amp;#39;s get these first two things moving. But I think you&amp;#39;re going to see a continued commitment to infrastructure as well. The Press: It&amp;#39;s one of the things that could potentially have bipartisan support. Is there urgency to get infrastructure reform passed? Mr. Spicer: (Laughter.) So, either we&amp;#39;re doing too much or we&amp;#39;re not doing enough. But I think -- look, he has made it very clear that that is a priority of his. As you point out, it&amp;#39;s something that I think both sides of the aisle, of both chambers, probably agree on.",FALSE,FALSE,FALSE,TRUE,FALSE
